steam_id_hash,degree,clustering,betweenness,in_largest_component,inventory_log,cs2_hours,country
3b5e1b9c92ddca64,77,0.01161995898838004,0.8565478694111711,True,3.6470152500152375,7792.3,BR
8fff39ac92ec5356,22,0.09523809523809523,0.027636045569593568,True,2.823757008814181,2581.3166666666666,BR
35873c07871f095a,156,0.001488833746898263,0.3503227204099615,True,5.442763970913065,6381.916666666667,BR
14976a4b29dcf197,27,0.0,0.07606208323878316,True,0.0,711.0166666666667,BR
7d49a5499071f3be,114,0.0,0.281291095150738,True,3.9345669698630408,1676.5,BR
77f754fed7cd9324,39,0.0,0.10314489825489997,True,6.610171007852149,531.2833333333333,BR
7d36a6fa1442a126,125,0.0,0.32512227729674903,True,7.578084089461402,1341.5,BR
5718e71ac51d0950,89,0.0,0.21195916161563688,True,4.3891263717891045,5349.3,BR
1f2fa9f846f1d13d,103,0.0003807348181991243,0.24056766366939145,True,5.148714662316808,6831.2,
c67cbc564e61ace2,2,1.0,0.0,True,5.645976792559814,5615.3,BR
62f11983b4e1c10b,2,1.0,0.0,True,0.0,3261.7166666666667,BR
aa4ad881c6bfd19b,1,0.0,0.0,True,0.0,1310.2666666666669,BR
1372cd49c1e845ba,2,0.0,0.0005522641463007871,True,0.0,7769.8,BR
679870bff09ff003,1,0.0,0.0,True,0.0,1748.35,FR
c8ed43d93fc14ceb,2,1.0,0.0,True,0.0,1476.1833333333334,BR
9c9c23fd645d3f08,6,0.2,0.002675308990668239,True,3.7984062786411785,2596.65,BR
5af4dd6e022efef1,1,0.0,0.0,True,4.587413464398832,3651.933333333333,BR
64f8b6b9283a36b8,2,0.0,0.001428740336516598,True,2.385086314505789,818.9833333333333,IT
68687701c89e80df,7,0.14285714285714285,0.003573668850476493,True,0.5187937934151675,551.0166666666667,BR
e147f35550f5e36f,8,0.39285714285714285,0.0009687120319025338,True,0.5822156198526637,1935.0333333333333,BR
4aea141d331a19a8,2,0.0,0.0009955260755633584,True,0.0769610411361283,1023.7166666666668,BR
192d58842ad51c29,2,1.0,0.0,True,1.983756291545428,0.0,BR
4108d4591fed6e67,2,1.0,0.0,True,0.8372475245337022,3289.35,BR
d6465c323240b7a3,5,0.6,0.0005732507046184876,True,1.4422019930581866,0.0,BR
eb67dd75d321a5d3,3,0.3333333333333333,0.0014340154615734427,True,0.0,274.6,BR
82836e1a3e574a7a,1,0.0,0.0,True,0.0,610.4833333333333,BR
187eaab3e7cafe9f,3,1.0,0.0,True,0.0,0.0,CH
28ff46f7afafc92d,3,1.0,0.0,True,0.0,396.8833333333333,DE
fdbfbfbb99ed3366,2,0.0,0.0014856907995162674,True,3.1540172525197043,0.0,BR
9c62e5e91d025181,1,0.0,0.0,True,1.3887912413184778,0.0,
d8f6eb6be9a405c0,1,0.0,0.0,True,3.963286299365688,3102.383333333333,BR
6f83626432d7a553,1,0.0,0.0,True,0.4054651081081644,873.35,BR
641d265d4f8a65d0,2,1.0,0.0,True,1.7387102481382395,579.4,
fd92cbb09bf580ed,4,1.0,0.0,True,0.4252677354043441,0.0,
6f469801fe0ca5b7,1,0.0,0.0,True,2.189416394888408,1752.0166666666669,
8edfad809fc45ab5,2,1.0,0.0,True,0.0,1.4166666666666667,BR
9629f76dff3574ca,6,0.4,0.0009786274696723057,True,3.900557527318868,3976.9,BR
42c838519725bfbc,1,0.0,0.0,True,0.9321640810304452,1887.8666666666663,BR
40e63515cc8ebe6f,1,0.0,0.0,True,0.0,1297.8166666666666,BR
869df82677b8637b,2,1.0,0.0,True,0.0,1782.85,BR
1aa213f391042708,1,0.0,0.0,True,0.0,1407.9833333333331,BR
f4736046ce472f68,3,1.0,0.0,True,0.0,2582.55,BR
e77e458fbb067e85,2,1.0,0.0,True,2.612273245708441,688.9166666666666,BR
90e6cc91f738f8d3,1,0.0,0.0,True,0.5653138090500605,2573.133333333333,
8d82108afc4dba0d,1,0.0,0.0,True,5.862778539479937,4152.366666666667,CC
33a961830fdb0a42,2,1.0,0.0,True,1.1052568313867783,9337.85,BR
dd88e4c3eadf458b,5,0.3,0.002262688177628563,True,2.3398808777377424,2122.4666666666667,BR
74e36e2b5727fb11,1,0.0,0.0,True,2.578700529074361,6995.316666666667,BR
cabe3d42ffd6b4d6,2,1.0,0.0,True,1.2149127443642704,0.0,BR
ff35e97acdbaee24,1,0.0,0.0,True,3.899342952270771,380.75,BR
cb3a306c7375fff8,1,0.0,0.0,True,2.403334996094189,0.0,BR
03bb56b8b0de5df7,1,0.0,0.0,True,0.1655144384775733,602.45,BR
f873ef823039d290,2,0.0,0.0005816280127330605,True,0.0,3705.3166666666666,BR
2e197d475ee4dcbf,2,0.0,0.0014856907995162674,True,0.0,5958.4,KP
2cb40b70c7214b28,5,0.7,5.240130101038821e-06,True,0.0,0.0,BR
e5f888e46e76d028,1,0.0,0.0,True,0.0,0.0,
f5456b65f6b336b2,19,0.10526315789473684,0.020575484757600692,True,0.7929925155296614,929.8,BR
f05df0ac967689a3,1,0.0,0.0,True,0.8960880245566356,3031.833333333333,BR
771b276a5cc02f0b,1,0.0,0.0,True,0.0,56.833333333333336,BR
647c396ee3bcb2f2,3,1.0,0.0,True,0.8501509293696101,919.55,BR
353d8e876ea51c20,1,0.0,0.0,True,3.214867803470662,1000.4833333333332,
66b97e701b7f6bee,4,0.16666666666666666,0.0020941336971350617,True,2.4078456036515385,3988.55,BR
d08037e2fb6fec00,1,0.0,0.0,True,3.246880021277798,1655.9833333333331,BR
08c797a3961d79b6,2,1.0,0.0,True,1.9095425048844383,1503.85,BR
cc27f344ce169867,1,0.0,0.0,True,1.9960599327407849,2278.8166666666666,
4ca8ed4c4aa4219c,5,0.4,0.0029620940755624844,True,3.045474365448805,1425.4,BR
8a37dc840d642da2,2,1.0,0.0,True,0.0,0.0,BR
d3d21595892caa5b,1,0.0,0.0,True,0.0,1667.5666666666666,BR
627b6b51bb20f828,1,0.0,0.0,True,0.0,4727.533333333334,
3d1343a131a35140,1,0.0,0.0,True,0.0,1001.4833333333332,
50e246fa90f2c332,1,0.0,0.0,True,4.30406509320417,925.7666666666668,
a4516713be68c770,3,0.6666666666666666,0.0006315430835685538,True,0.0,10.183333333333334,
1b5520dafab4caf8,2,1.0,0.0,True,0.0,1297.75,
92dd56cc4ca4ae72,1,0.0,0.0,True,1.5129270120532563,0.0,BR
7bb2ea3855219410,2,1.0,0.0,True,0.0,10.016666666666667,BR
747218cd3302997a,1,0.0,0.0,True,0.7030975114131134,3524.833333333333,
3a73288e170e403b,1,0.0,0.0,True,1.9643112344262048,102.75,BR
ba8fe3673a38b94a,1,0.0,0.0,True,1.6467336971777973,1171.6166666666666,
a12b702e3ecebffa,4,1.0,0.0,True,0.0,16.216666666666665,
f184a7ecc33f81e0,4,1.0,0.0,True,0.1043600153242427,61.13333333333333,BR
d854e6fa1eef358c,4,1.0,0.0,True,0.0,254.95,BR
548b2dced43c5eec,3,0.0,5.935342392704594e-05,True,0.0,1074.5666666666666,BR
794dae5c90a79829,4,1.0,0.0,True,0.0,155.36666666666667,
12c412c7d84b23d7,4,1.0,0.0,True,0.0,1978.4166666666667,BR
8545238b8b45671c,2,1.0,0.0,True,0.0,27.85,
fc1882efe399abef,2,1.0,0.0,True,2.2935443483418965,4285.066666666667,BR
4b553085307840c4,2,1.0,0.0,True,1.2725655957915476,20.75,FJ
4839224b6ebd652f,4,1.0,0.0,True,0.0,45.53333333333333,BR
0be8af594161805a,4,1.0,0.0,True,0.598836501088704,182.0,BR
2d133e446ebbfe71,1,0.0,0.0,True,0.0,64.5,BR
2cbc3aaecae95156,1,0.0,0.0,True,0.0,5037.733333333334,BR
a9e5814371036bb5,4,1.0,0.0,True,0.6780335427498971,130.01666666666668,BR
8f578011f79f2f51,1,0.0,0.0,True,0.0,0.0,BR
ef59377be8ac0346,1,0.0,0.0,True,0.3148107398400335,432.26666666666665,
dfbc641df53dc586,1,0.0,0.0,True,0.0,4823.5,BR
d2c8e450653ce294,1,0.0,0.0,True,0.0,1017.1333333333332,
448f270506827b58,1,0.0,0.0,True,0.0,3415.05,
70fc7df5ac233c43,1,0.0,0.0,True,0.0,35.75,BR
30e5d334fdb8a7c4,1,0.0,0.0,True,3.604682295313181,3432.7,
10b43e83ea5c928f,1,0.0,0.0,True,0.0,1237.2833333333333,BR
64d83aa42baa0d6a,1,0.0,0.0,True,0.0,0.0,BR
2ba5b21b461885b5,2,1.0,0.0,True,4.947056312453385,1324.9833333333331,BR
427b787922775795,1,0.0,0.0,True,3.6033215657522897,0.0,BR
be0910d999f2b261,1,0.0,0.0,True,1.5040773967762742,3205.3,BR
063b2443e7002c2c,1,0.0,0.0,True,2.122261538862764,241.65,BR
514dadce62a47566,1,0.0,0.0,True,0.0,3514.266666666667,BR
2ee15ff53e2a0349,1,0.0,0.0,True,0.0,2966.0333333333333,US
5bfb2b096d3f5148,1,0.0,0.0,True,0.0,4383.95,US
dc42ca342850ff66,1,0.0,0.0,True,0.0,0.0,BR
fa998fa2f2a51dce,1,0.0,0.0,True,0.0,385.3,BR
92abd7769b07efc4,1,0.0,0.0,True,0.0,1186.5333333333333,BR
2e8596705788797e,1,0.0,0.0,True,0.0,75.55,BR
a09c89303c8b97cc,1,0.0,0.0,True,1.4861396960896067,1089.3666666666666,
2b3d2873337c2edf,1,0.0,0.0,True,4.971686543957681,1743.75,
6e5f6dfcf60fb9bb,1,0.0,0.0,True,3.0791538816930637,3834.433333333333,BR
ce6c76b1d74d1e17,1,0.0,0.0,True,1.742219023667919,1563.5666666666666,BR
142f12b0a51506ea,1,0.0,0.0,True,3.0828269804049246,3583.1666666666665,BR
837aeada73724d32,1,0.0,0.0,True,3.659965443949294,2653.733333333333,
6a9b8bde34fc3964,1,0.0,0.0,True,0.8586616190375187,4261.533333333334,BR
22d6efdf391e67aa,1,0.0,0.0,True,1.205970806988609,4364.716666666666,BR
e6f83b4c712a37c3,1,0.0,0.0,True,3.3884498088396526,7382.483333333334,BR
45e0de5d31f2d499,1,0.0,0.0,True,2.4379897300002487,4547.3,
a613e3b74e85ee44,1,0.0,0.0,True,0.0,3055.5666666666666,BR
8375459735539082,2,1.0,0.0,True,0.0,0.0,BR
9ff1db9bdcb2b0ff,1,0.0,0.0,True,0.0,2201.5666666666666,BR
2008b4f8024deb60,1,0.0,0.0,True,0.0,3484.1833333333334,JP
151e47748afbd370,1,0.0,0.0,True,2.032087845296365,2897.616666666667,BR
d04b33ff224339d9,1,0.0,0.0,True,2.2202898502672155,8101.066666666667,
27a207db54e4a141,2,1.0,0.0,True,2.1552445050953364,0.0,BR
197d1dd4bc7bc456,2,1.0,0.0,True,5.666426688112432,952.8333333333334,BO
ddc965ba9832615b,1,0.0,0.0,True,2.986691528901842,8139.65,BR
0ffedda66360710f,1,0.0,0.0,True,1.3297240096314962,1407.0,BR
b84218f27eaa47e7,1,0.0,0.0,True,1.57069708411767,3030.733333333333,IQ
0f799388120f7a54,1,0.0,0.0,True,5.004080525125581,1592.2,
b3a1072c4a8fb1c9,2,1.0,0.0,True,1.6054298910365616,1733.5833333333333,BR
26a9fa1c4911d5fb,1,0.0,0.0,True,0.4446858212614457,2474.133333333333,BR
d52a3c915092392c,1,0.0,0.0,True,0.0,0.0,BR
df0e0c53a9b26bed,1,0.0,0.0,True,0.0,3066.116666666667,BR
2d9f280a4eceb360,1,0.0,0.0,True,0.0,372.7,BR
02abf16262c14a04,1,0.0,0.0,True,0.0,2194.55,BR
3de41e705a0defd4,1,0.0,0.0,True,5.858904111523501,6814.383333333333,VA
f7cc271db2557a64,1,0.0,0.0,True,3.0170044088295307,3007.1833333333334,BR
e0357b88af4ec376,1,0.0,0.0,True,0.5068176023684519,1150.1833333333334,
0b52e15c73d7f1e8,1,0.0,0.0,True,0.0,2830.55,BR
6b70b7f24582f61f,1,0.0,0.0,True,0.0,3469.05,BR
28dc80eb5ca58c4d,2,1.0,0.0,True,0.0,0.0,BR
9a238bb5eb6e67ba,1,0.0,0.0,True,0.0,1662.9833333333331,AR
845734045e091aff,2,1.0,0.0,True,3.709172157381699,0.0,BR
5e5c9a5df7f46ce4,1,0.0,0.0,True,0.1906203596086497,1099.2,BR
01c76f7c8b03e37c,1,0.0,0.0,True,3.85925493988949,3395.5,BR
82478318a411959c,1,0.0,0.0,True,0.0,0.0,BR
d5c36353603dfa67,2,1.0,0.0,True,0.0,2572.75,PL
5c78610fba94c684,2,0.0,0.00033651659845384277,True,0.0,1566.15,BR
92bfa37371529e6a,1,0.0,0.0,True,0.0,2414.4,BR
2f51a7d4fba1fc56,2,1.0,0.0,True,0.131028262406404,3879.5,BR
b135823fc81c10dc,1,0.0,0.0,True,0.0,655.7,US
9a432d331aa97fca,1,0.0,0.0,True,1.891604804197771,3353.083333333333,BR
3b4cd153821a2812,1,0.0,0.0,True,3.880119456415138,2247.7166666666667,BR
fcb5dd2d8261d786,1,0.0,0.0,True,1.252762968495368,1222.0,BR
f0ac8b101f4b8803,1,0.0,0.0,True,1.5195132049061133,2953.1833333333334,BR
177e26faa6bc2705,1,0.0,0.0,True,2.363680192353857,1060.5,
de0e207f2cbd6b0a,1,0.0,0.0,True,0.0,1152.0833333333333,
03a11efffd4432b5,2,1.0,0.0,True,2.0943301541735866,1732.0666666666666,BR
d478cfc0b59afd75,1,0.0,0.0,True,0.6471032420585384,629.25,
a3b85fcad8fe1b38,2,1.0,0.0,True,0.0,5902.1,BR
7ed485ff1449bc8f,1,0.0,0.0,True,0.0,2461.516666666667,BR
9899b02198d4a24a,1,0.0,0.0,True,0.0,0.0,BR
cf24f51938e428a5,1,0.0,0.0,True,0.0,826.1833333333333,US
be06c6ecc124cd10,1,0.0,0.0,True,0.1570037488096646,3137.516666666667,
19b8c5341581a290,1,0.0,0.0,True,3.335413641116152,3738.4666666666662,BR
8ad55cb43f081d34,1,0.0,0.0,True,2.158714722574344,1203.45,BR
bcc5e9cd9bff525b,1,0.0,0.0,True,2.667922410011431,0.0,JP
55e375c3764619ec,1,0.0,0.0,True,4.609261803891345,639.8,CA
1f0ba65636797774,1,0.0,0.0,True,0.2546422183735807,884.0833333333334,BR
80959c1f2c2fef39,1,0.0,0.0,True,2.611539300721366,3384.2,BR
7bb336673aee6764,1,0.0,0.0,True,0.0,0.0,
7fc2d8a7489a316c,1,0.0,0.0,True,4.031582240485785,0.0,BR
d7463e91facc002f,1,0.0,0.0,True,1.9344157696295785,2816.133333333333,BR
43a5feafd9c4b77a,2,1.0,0.0,True,0.0,5047.0,
eeb40dc00b0d2745,1,0.0,0.0,True,0.0,2109.4333333333334,
5d7591373f869485,1,0.0,0.0,True,0.0,0.0,BR
0adf55aa3f1b9e1c,1,0.0,0.0,True,0.0,3993.133333333333,CA
fdd1df8222b936a7,1,0.0,0.0,True,2.677590993617501,3133.0666666666666,BR
a6200e2660436d22,1,0.0,0.0,True,3.027715319407042,1553.5833333333333,BR
ffc3123c9611f402,1,0.0,0.0,True,3.0411835364579085,2795.883333333333,BR
1fe9f53824c5f65c,1,0.0,0.0,True,3.2308043957334744,3827.95,BR
18dad8eb4bb5c89c,1,0.0,0.0,True,0.6729444732424258,4268.283333333334,SE
399e04b24904583b,2,1.0,0.0,True,3.316002535598924,88.28333333333333,BR
c685625e5ad8155f,1,0.0,0.0,True,0.712949807856125,1782.5166666666669,BR
73570326ed1ee778,1,0.0,0.0,True,0.9122827104766162,715.2333333333333,RU
8396168751732b37,1,0.0,0.0,True,1.029619417181158,3353.95,BR
5b1c8edd07a77fb4,1,0.0,0.0,True,2.1826747963214883,6924.45,BR
94ad7d436bc4672e,1,0.0,0.0,True,0.0,3207.4166666666665,BR
f3b137c758547486,1,0.0,0.0,True,0.0,738.5333333333333,BR
55d4e7f9a6c73c2c,1,0.0,0.0,True,0.0,1231.65,
7cb7c89e78b0f45c,1,0.0,0.0,True,0.0,2471.4333333333334,BR
332ca19045492974,1,0.0,0.0,True,2.163323025660538,0.0,BR
f1931bf7f18b0a50,1,0.0,0.0,True,3.338257581888281,0.0,BR
0de73b80fd5e06e1,1,0.0,0.0,True,3.421326752957321,5053.083333333333,BR
a04b12c4049abb85,1,0.0,0.0,True,3.658162481451876,3465.516666666667,BR
9e01de04e5083cf3,1,0.0,0.0,True,1.766441661243765,3168.7833333333333,BR
4f82e389cb91cb45,2,1.0,0.0,True,2.122261538862764,2403.55,BR
b46d6bb3d0a77d27,1,0.0,0.0,True,1.791759469228055,847.1833333333333,BR
fbf23043ccb8a187,1,0.0,0.0,True,1.5173226235262949,864.4333333333333,BR
3df36fe24494846c,1,0.0,0.0,True,0.2776317365982795,1787.6,
381baeebbaf5ec7e,2,1.0,0.0,True,1.483874689458755,8110.333333333333,
01d803f6dd479efb,1,0.0,0.0,True,0.0,5073.483333333334,JM
de94b29b6db1ed7b,1,0.0,0.0,True,0.0,2601.9,BR
c4fe458623d0365d,1,0.0,0.0,True,0.0,0.0,BR
7f2b1675aeec2960,1,0.0,0.0,True,0.0,2019.1833333333332,BR
8c46e99a577d2183,1,0.0,0.0,True,0.2776317365982795,1082.7833333333333,BR
1847c7e478a39e79,1,0.0,0.0,True,4.001863709427935,5013.3,BR
0e584888a9d18a11,1,0.0,0.0,True,0.5822156198526637,4108.266666666666,BR
edcf5a0c3e70d533,1,0.0,0.0,True,1.1249295969854831,3479.3166666666666,BR
c84994941b0a83ee,1,0.0,0.0,True,0.0295588022415444,480.35,
b9df29c0e7c73242,1,0.0,0.0,True,0.5766133643039938,3895.283333333333,PY
eab0f0a71cd9b19d,2,1.0,0.0,True,0.2468600779315258,1678.1666666666667,GB
39edd89f7caf7a2a,2,1.0,0.0,True,3.094219220268645,403.53333333333336,CG
2a46b33e79746b61,1,0.0,0.0,True,0.7884573603642702,172.18333333333334,RU
e570c009920a53f9,1,0.0,0.0,True,0.5596157879354227,1471.1666666666667,
e5c7b7030ed2f4d6,1,0.0,0.0,True,0.0,267.4,BR
595758ff54bcecec,1,0.0,0.0,True,0.0,0.0,BR
83ce928e285b8588,1,0.0,0.0,True,0.0,0.0,DE
37e1994322ead60a,1,0.0,0.0,True,0.0,1148.0666666666666,BR
281a776ea84cf110,1,0.0,0.0,True,0.0,4882.616666666667,BR
ac3314096f5f4a57,1,0.0,0.0,True,0.3435897043900769,5200.333333333333,
bb97f596aff2b0af,1,0.0,0.0,True,3.194173212227829,0.0,US
98e31ff0ffca189c,1,0.0,0.0,True,0.883767540168595,0.0,EH
60856ca610fa3dc5,1,0.0,0.0,True,2.298577071596507,0.0,BR
2c3d934ebcc08435,1,0.0,0.0,True,3.032064202801381,1256.5,US
fea24bccd2b94f77,1,0.0,0.0,True,2.277267285009756,5903.616666666667,BR
55a14b8b8685c50e,1,0.0,0.0,True,4.3052805704285655,3451.65,BR
cb3584b95b63a2fe,1,0.0,0.0,True,0.3001045924503381,0.0,BR
b3910c3def9db977,1,0.0,0.0,True,2.916689066213538,1301.5,BR
e9fc21635210fa06,1,0.0,0.0,True,0.0,1068.0166666666669,
38ecbbf04c35bb09,1,0.0,0.0,True,0.0,0.0,BR
505ad28384b8aaad,1,0.0,0.0,True,0.0,675.4833333333333,BR
d088be8e4cbb98dd,1,0.0,0.0,True,3.330059353828816,5631.566666666667,BR
ed5b1a3c4dda8c26,1,0.0,0.0,True,3.0238337036648657,4042.266666666667,
0c55f9a389d76c46,1,0.0,0.0,True,0.712949807856125,656.8166666666667,MC
a7898e0686ca1146,1,0.0,0.0,True,1.5238800240724537,2369.5666666666666,AR
c1bf83f1b219a2fb,1,0.0,0.0,True,3.666378188767423,797.15,
8e19955bce003c5c,1,0.0,0.0,True,2.224623551524334,119.26666666666668,BR
a3637dd7add62cf4,1,0.0,0.0,True,1.5238800240724537,0.0,
43fee211fee88af8,1,0.0,0.0,True,2.847812143477369,2412.75,BR
39a6b6d43b6120d8,1,0.0,0.0,True,2.192770226986839,479.4666666666666,
e7de50d8d5126e6c,1,0.0,0.0,True,3.997466487245613,4794.116666666667,BR
cc14e061f21d3a72,1,0.0,0.0,True,0.0,0.0,BR
d9300ca31f89310a,1,0.0,0.0,True,0.0,5001.166666666667,AF
e7defc3549b0cc2c,1,0.0,0.0,True,0.0,2563.6666666666665,
8e4a79ec4ed826ea,1,0.0,0.0,True,0.0,1074.4333333333334,BR
3ce56a606a19db0c,1,0.0,0.0,True,0.7839015438284094,3646.183333333333,
0b98dbb03a4c07cb,1,0.0,0.0,True,1.3428648031925547,4350.033333333334,IT
447bb984a9fc1859,1,0.0,0.0,True,4.919177683607421,5630.416666666667,BR
d762b2beca7056e4,1,0.0,0.0,True,3.6656108271745818,4087.0,BR
d9fe66ba5c7fe721,1,0.0,0.0,True,4.301494223781961,263.95,
533503d65cb1a316,1,0.0,0.0,True,4.612542940317504,610.4333333333333,BR
e27e5e4418f5a22b,1,0.0,0.0,True,0.4252677354043441,3858.366666666667,CU
12daaf0143f9d381,1,0.0,0.0,True,2.3398808777377424,2778.2833333333333,BR
148dc81715659bdb,1,0.0,0.0,True,1.4609379041156565,5704.666666666667,BR
57fcf4e4432124d9,1,0.0,0.0,True,0.4762341789963716,849.7666666666667,BR
4570163956143df2,1,0.0,0.0,True,0.0,599.7166666666667,
fb425b14a6a4fcfb,1,0.0,0.0,True,0.0,8423.65,BR
e9c6cf3e8b7942a2,1,0.0,0.0,True,0.0,5219.066666666667,BR
8038c00c2066be69,1,0.0,0.0,True,0.0,415.8,CA
124062d2fa9d579a,1,0.0,0.0,True,4.335982696172475,1899.75,
d047bb91157a5545,1,0.0,0.0,True,3.314913013065143,620.95,
461d88dfb7ebdbba,1,0.0,0.0,True,2.3664984187376983,1100.55,
810964c8ef58d42d,1,0.0,0.0,True,0.048790164169432,2457.15,BR
bf36802755247e0f,1,0.0,0.0,True,3.657646751682838,567.6,BR
da63849e5ec75754,1,0.0,0.0,True,2.203869120054888,2504.0333333333333,BR
42d935e10fc35a06,1,0.0,0.0,True,3.5225296668296804,488.81666666666666,
3d22d5abd98b25c2,1,0.0,0.0,True,0.0,506.73333333333335,
15786a13fdba9943,1,0.0,0.0,True,5.594934403057397,1751.7,
b131ceb8cba8e1cc,1,0.0,0.0,True,3.03735394824481,1632.6166666666666,BR
807813a0ab4d66a0,1,0.0,0.0,True,0.0,5359.5,BR
a9cf1efcbe18b906,1,0.0,0.0,True,0.0,816.6,BR
4d6e1038763fd0a0,1,0.0,0.0,True,0.0,55.516666666666666,BR
1fb4fd9ddec25f27,1,0.0,0.0,True,0.0,0.0,AX
d4d2a76c8f4f1a27,1,0.0,0.0,True,0.0,2111.616666666667,BR
f825ef006a029151,1,0.0,0.0,True,1.1216775615991057,4618.35,BR
669cddb6c540ec08,1,0.0,0.0,True,0.0,1150.9333333333334,
641b27b701d67e65,1,0.0,0.0,True,0.9162907318741552,2201.2,BR
1029ca61b1ccbbdf,1,0.0,0.0,True,5.101937452503042,2049.5,BR
06451a0f313c0a20,1,0.0,0.0,True,0.0,39.36666666666667,BR
194095b3dacf1424,1,0.0,0.0,True,3.586015818654697,5201.133333333333,BR
a41fcce8dd34d557,1,0.0,0.0,True,0.0,454.4166666666667,BR
0764a5d49395ab8e,1,0.0,0.0,True,4.466712392840524,2853.1,BR
86d2d18cf58e6311,1,0.0,0.0,True,3.099190981922221,0.0,
11c9d21d4bc4c0ea,1,0.0,0.0,True,0.0,5970.366666666667,BR
aa5b6e5600f9fc92,1,0.0,0.0,True,0.0,1.45,BR
ef1705bb61dedf70,1,0.0,0.0,True,0.0,3209.333333333333,BR
4490703b7ca8f28d,1,0.0,0.0,True,0.0,0.0,BR
7c9ddf916e0aca03,1,0.0,0.0,True,1.5769147207285403,2076.333333333333,BR
42a469b0c0a12c19,1,0.0,0.0,True,1.0784095813505905,570.2833333333333,BR
00e88f4f34ea8ca9,1,0.0,0.0,True,0.6151856390902334,1536.6833333333334,BR
95e354cb565ea453,1,0.0,0.0,True,1.0224509277025458,876.9333333333333,BR
d757058b674af76d,1,0.0,0.0,True,0.9082585601768908,1821.6833333333332,BR
1b6ee046a9cf067d,1,0.0,0.0,True,0.0,10.35,BR
eacf4eb4ea6044ca,1,0.0,0.0,True,2.135349173618132,1522.0833333333333,BR
ca2ebc623be83206,1,0.0,0.0,True,0.3646431135879093,216.83333333333331,BR
9fe6dc0639ae86a2,1,0.0,0.0,True,0.0,0.0,BR
3216a01d4598178d,1,0.0,0.0,True,0.0,0.7,
62a2a431c39f21ad,1,0.0,0.0,True,0.0,321.6166666666667,
90f91588df0d7f24,1,0.0,0.0,True,0.0,73.73333333333333,BR
b2a9fa8d57dea83d,1,0.0,0.0,True,0.0,395.4666666666666,BR
a5ee7a1295199d69,1,0.0,0.0,True,0.0,4639.516666666666,BR
ff0a1e7d16371059,1,0.0,0.0,True,0.8109302162163288,1118.6333333333334,BR
62d716917b93f7b6,1,0.0,0.0,True,0.7561219797213337,6830.316666666667,BR
cbbc0ecefa33ec42,1,0.0,0.0,True,2.2752138961979136,428.03333333333336,BR
7a2d6b8301a1ea32,1,0.0,0.0,True,0.0,12.8,
4aa3e4c8d9078b4d,1,0.0,0.0,True,0.0295588022415444,2916.35,BR
78f997091729da33,1,0.0,0.0,True,4.874739203012945,12392.9,BR
7e136cabb45da3ff,1,0.0,0.0,True,2.613739521630969,0.0,
13d81c7e4edba738,1,0.0,0.0,True,4.107096246147264,1674.6666666666667,
4b1d1494e65e15bb,1,0.0,0.0,True,3.0402275134405423,0.0,BR
0113142e7e9e57b0,1,0.0,0.0,True,0.5364933705145685,3190.45,BR
90e322e610b97bfb,1,0.0,0.0,True,0.0,961.5166666666668,BR
80a6071e6346cdf8,1,0.0,0.0,True,0.0,18.15,NC
8ddea8f41d56d481,1,0.0,0.0,True,0.0,3334.616666666667,BR
c1735ee8321d9b6b,1,0.0,0.0,True,0.0,284.5,BR
5ac87b993ef6eb3d,1,0.0,0.0,True,3.678323940174419,2333.8166666666666,BR
8fe6b7fcbda0c1c9,1,0.0,0.0,True,2.547098670044448,4847.933333333333,BR
e1af848b24e3b404,1,0.0,0.0,True,1.599387576580599,1994.5,BR
0565e034a2fd073d,1,0.0,0.0,True,0.0,159.1,BR
686dc07b53f062fa,1,0.0,0.0,True,0.0295588022415444,20.416666666666668,BR
2c3648ab694cbf38,1,0.0,0.0,True,2.175887439948088,2455.55,BR
42dfa9be094a580c,1,0.0,0.0,True,3.175968323856924,189.9333333333333,CZ
f25e9058a928e504,1,0.0,0.0,True,0.4054651081081644,2482.45,BR
17bebd63e50ca928,1,0.0,0.0,True,0.2390169004704999,1769.3166666666666,BR
61bd12ebc72785cd,1,0.0,0.0,True,0.3148107398400335,587.6666666666666,AR
8b9ca2dcd767bf6c,1,0.0,0.0,True,0.0,0.0,BR
aaa6fb16f350b460,1,0.0,0.0,True,0.0,72.11666666666666,BR
237b8011a9140150,1,0.0,0.0,True,0.0,5669.65,
c39bcc5c57192cf3,1,0.0,0.0,True,0.0,3818.3166666666666,BR
687b9f7028a1df6f,1,0.0,0.0,True,0.0,7477.533333333334,BR
7498af7d67daa3b2,1,0.0,0.0,True,0.0,3976.5833333333335,
6b05bb4c160ddb4f,1,0.0,0.0,True,0.0,0.0,BR
721f9cff609741e9,1,0.0,0.0,True,0.0,2187.1,BR
af9a729cbc9e9848,1,0.0,0.0,True,0.0,0.0,
1a3768603174be6d,1,0.0,0.0,True,0.0,1028.2333333333331,
7e16fbb57721b610,1,0.0,0.0,True,0.0,4999.9,BR
c331da6bc8bd45bb,1,0.0,0.0,True,0.0,2364.7833333333333,BR
8d1203fd358cd384,1,0.0,0.0,True,0.0,2335.366666666667,
f1f1936870e62f7b,1,0.0,0.0,True,0.0,1902.0666666666664,BR
aad5424e8bc7eb2c,1,0.0,0.0,True,0.0,35.3,BR
54a47853bec9302e,1,0.0,0.0,True,0.0,2541.483333333333,BR
b745a43cc7ff470b,1,0.0,0.0,True,0.0,2082.5333333333333,PW
8518b6a1ec92812d,1,0.0,0.0,True,0.0,18326.05,BR
adfec45e4aac1535,1,0.0,0.0,True,0.0,0.0,BR
f60d7a615668e03f,1,0.0,0.0,True,0.0,0.0,BR
513078dc2a34930f,1,0.0,0.0,True,0.0,5830.95,BR
7cba1eca1aa9a789,1,0.0,0.0,True,0.0,1350.85,BR
e59281a5b31d86e1,1,0.0,0.0,True,0.0,2817.4666666666667,
2660b4108db68945,1,0.0,0.0,True,0.0,5387.483333333334,BR
a4d0545b792e60a7,1,0.0,0.0,True,0.0,1389.6,BR
2ccdc733796fd650,1,0.0,0.0,True,0.0,0.0,BR
5b2cc2ff0ffedb86,1,0.0,0.0,True,0.0,2619.6666666666665,US
17c6c973e78f9733,1,0.0,0.0,True,0.0,1622.0,BR
fe6c4a96b51971ed,1,0.0,0.0,True,0.0,1858.2,BR
58804002556ae77c,1,0.0,0.0,True,0.0,1707.6333333333334,BR
c7781729bd43652e,1,0.0,0.0,True,0.0,1736.7,BR
52bc3da9cd91e111,1,0.0,0.0,True,0.0,1412.3,BR
77c371d800f1472f,1,0.0,0.0,True,0.0,1584.05,BR
d8920d4a90d6a13d,1,0.0,0.0,True,0.0,1084.9666666666667,
a47761eb385351e2,1,0.0,0.0,True,0.0,967.7833333333332,AR
5e7cc00173da1eb4,1,0.0,0.0,True,0.0,0.0,BR
cd06348d14cefc89,1,0.0,0.0,True,0.0,1807.05,BR
20ff518859b83d7d,1,0.0,0.0,True,0.0,496.5833333333333,BR
2600a763e8c3ed43,1,0.0,0.0,True,0.0,140.3,BR
a1689fe3c8c55fe2,1,0.0,0.0,True,0.0,0.0,BR
673abfc7c603801d,1,0.0,0.0,True,0.0,896.7833333333333,BR
de4fd0c95567978f,1,0.0,0.0,True,0.0,18.816666666666663,BR
0c88302976876222,1,0.0,0.0,True,0.0,1047.5833333333333,BR
44f20438e9576097,1,0.0,0.0,True,0.0,1527.9666666666667,
3eca092558d643e7,1,0.0,0.0,True,0.0,976.0833333333334,
c3f999add2abd364,1,0.0,0.0,True,0.0,2671.9333333333334,BR
33a752b78a1c1540,1,0.0,0.0,True,0.0,3528.833333333333,
ff8a188b42afe8a8,1,0.0,0.0,True,0.0,895.4833333333333,BR
72178afc332fa716,1,0.0,0.0,True,0.0,88.78333333333333,RU
4c3408a0c78fd797,1,0.0,0.0,True,0.0,2558.1833333333334,BR
7df033ffa66ee470,1,0.0,0.0,True,0.0,0.0,BR
6bb596391ab1d75c,1,0.0,0.0,True,0.0,2329.95,BR
4ef55a3d6b5eb84e,1,0.0,0.0,True,0.0,10.266666666666667,
1473391170a93fd4,1,0.0,0.0,True,0.0,342.43333333333334,
22c8b3b03ed7319e,1,0.0,0.0,True,0.0,2775.55,BR
761c9b0ec05dc0b6,1,0.0,0.0,True,0.0,9940.6,BR
2f0ac3977a515570,1,0.0,0.0,True,0.0,582.9666666666667,BR
17d670c9ab2ae7b1,1,0.0,0.0,True,0.0,495.4166666666667,
ae8339357a25e087,1,0.0,0.0,True,0.0,1349.15,BR
9ee3cf2760c14c90,1,0.0,0.0,True,0.0,3252.2,BR
15d41918314343ec,1,0.0,0.0,True,0.0,6065.733333333334,BR
dd8c8b9cc369f74f,1,0.0,0.0,True,0.0,1592.7,BR
2666d77a624b185e,1,0.0,0.0,True,0.0,5762.983333333334,
8effea524a4f0ae7,1,0.0,0.0,True,0.0,727.0666666666667,IT
ac47d45abf4f8d64,1,0.0,0.0,True,0.0,7242.666666666667,BR
5d10797d9af1f713,1,0.0,0.0,True,0.0,3979.7,BR
99bf594a7dcd17aa,1,0.0,0.0,True,0.0,7862.45,
fde6382af4affc0a,1,0.0,0.0,True,0.0,1297.5166666666669,BR
8ec69e384b7f27a5,1,0.0,0.0,True,0.0,2256.366666666667,BR
cc7d3cba0acacc17,1,0.0,0.0,True,0.0,4023.866666666667,BR
78f0909313477a57,1,0.0,0.0,True,0.0,0.0,BR
dedea596ee3f6328,1,0.0,0.0,True,0.0,8142.05,BR
d98e1aefb89a03fc,1,0.0,0.0,True,0.0,2066.6666666666665,BR
d41e66c25462db92,1,0.0,0.0,True,0.0,1064.7,
58c29ffd4a39e135,1,0.0,0.0,True,0.0,17.183333333333334,BR
62bd99f5db6d9243,1,0.0,0.0,True,0.0,1752.4666666666667,
0fb0f72f1521a119,1,0.0,0.0,True,0.0,66.1,BR
6606d6e825811cf4,1,0.0,0.0,True,0.0,16.433333333333334,BR
c12f80a948b7d58e,1,0.0,0.0,True,0.0,2562.6666666666665,KP
9c7219e21777d14f,1,0.0,0.0,True,0.0,563.0333333333333,
7414f75e48f5e7b1,1,0.0,0.0,True,0.0,556.6833333333333,BR
801f9c654d78ba01,1,0.0,0.0,True,0.0,0.0,BR
e50a026795e2d66a,1,0.0,0.0,True,0.0,1277.5,BR
d326bdf9d9ac016f,1,0.0,0.0,True,0.0,0.0,BR
7bb05ded362b577b,1,0.0,0.0,True,0.0,507.53333333333336,BR
171222a02a340852,1,0.0,0.0,True,0.0,3847.6,BR
c39194e450e60181,1,0.0,0.0,True,0.0,1071.3166666666666,BR
fa8d4ca378004ccb,1,0.0,0.0,True,0.0,5339.65,BR
a9e77a34176383fb,1,0.0,0.0,True,0.0,3974.3,BR
258f9d097379bf26,1,0.0,0.0,True,0.0,811.6833333333333,BR
f021e015e8be5f84,1,0.0,0.0,True,0.0,956.3166666666668,BR
bf1b5004521b5eb5,1,0.0,0.0,True,0.0,328.4,BR
63ede684b56fa0a8,1,0.0,0.0,True,0.0,2416.333333333333,BR
776656f3f54f7534,1,0.0,0.0,True,0.0,4415.816666666667,BR
f27a19a27d56611f,1,0.0,0.0,True,0.0,6035.866666666667,BR
0a6485218b77bd3d,1,0.0,0.0,True,0.0,1196.25,BR
e368eac1539e72f5,1,0.0,0.0,True,0.0,710.65,BR
1e4656f2df60c52b,1,0.0,0.0,True,0.0,34.81666666666667,BR
8a4e90078bba0396,1,0.0,0.0,True,0.0,16.916666666666668,BR
0e448ab6673b4a95,1,0.0,0.0,True,0.0,4111.05,BR
fccb8bdd4322c83f,1,0.0,0.0,True,0.0,2344.2,BR
7eb55f9994aaaa7c,1,0.0,0.0,True,0.0,692.1166666666667,BR
e310683c7b892ebd,1,0.0,0.0,True,0.0,4252.5,BR
7fdb6135387b2412,1,0.0,0.0,True,0.0,5568.65,BR
a3d020aec2d31ed3,1,0.0,0.0,True,0.0,2.216666666666667,
cbcba12b8d0f852c,1,0.0,0.0,True,0.0,2822.15,BR
20c60200c7131230,1,0.0,0.0,True,0.0,1864.9166666666667,BR
3c15ec3a472d9d18,1,0.0,0.0,True,0.0,762.0333333333333,
168b3fd9d67744ba,2,0.0,0.00029877216916780356,True,0.0,5187.8,BR
ff156f83422f5ad6,1,0.0,0.0,True,0.0,1703.4833333333331,BR
2342d825a1b1dded,1,0.0,0.0,True,0.0,358.05,
9b5d69eda97100f3,1,0.0,0.0,True,0.0,1472.9,
9073fbf8bca4bf00,1,0.0,0.0,True,0.0,8.883333333333333,BR
b2d2289c4e5901ee,1,0.0,0.0,True,0.0,1562.6833333333334,GS
5e44bd1351bae3ef,1,0.0,0.0,True,0.0,2095.1,BR
9a4794ad2164f081,1,0.0,0.0,True,0.0,845.8,BR
b0373dfb08496198,1,0.0,0.0,True,0.0,4702.55,BR
cd76a5ff11cb2a4f,1,0.0,0.0,True,0.0,1994.2333333333331,BR
300ae0e5691c19a6,1,0.0,0.0,True,0.0,150.08333333333334,BR
70cce83e13f1b77b,1,0.0,0.0,True,0.0,3245.5666666666666,BR
ea029b2954c8bd11,1,0.0,0.0,True,0.0,2158.866666666667,BR
707d6a658b2b7a73,1,0.0,0.0,True,0.0,129.21666666666667,BR
8526d003007e00de,1,0.0,0.0,True,0.0,0.5666666666666667,BR
b4e420d25cae9f15,1,0.0,0.0,True,0.0,748.0833333333334,BR
297c878317b0fbfb,1,0.0,0.0,True,0.0,5003.133333333333,
436b2a5e7a194282,1,0.0,0.0,True,0.0,83.48333333333333,BR
fc32b3e8f5a41ae7,1,0.0,0.0,True,0.0,0.0,
b35c60a1d91b36f6,1,0.0,0.0,True,0.0,879.3333333333334,BR
31c58a8afda33840,1,0.0,0.0,True,0.0,989.2833333333332,BR
b1a04c6c72f68706,1,0.0,0.0,True,0.0,1464.9333333333334,CN
ccb24db220814cad,1,0.0,0.0,True,0.0,0.0,AE
857c58d1cda04fcf,1,0.0,0.0,True,0.0,3174.55,BR
1f9ce2dcd40f34d5,1,0.0,0.0,True,0.0,1009.2,BR
f579d9ceef719f4e,1,0.0,0.0,True,0.0,1578.45,
21e7bfb801afae20,1,0.0,0.0,True,0.0,0.2666666666666666,BR
f0d067c4ef2617e4,1,0.0,0.0,True,0.0,1826.1333333333332,BR
8bfa7dee08039943,1,0.0,0.0,True,0.0,430.3666666666667,
2f53e5897cde316d,1,0.0,0.0,True,0.0,3490.2833333333333,BR
dc1eb5cab5fb8784,1,0.0,0.0,True,0.0,4952.983333333334,BR
6723d504b74b353f,1,0.0,0.0,True,0.0,137.96666666666667,BR
a2bc5c58dee7170e,1,0.0,0.0,True,0.0,0.0,BR
5be69aa7f4813061,1,0.0,0.0,True,0.0,22.216666666666665,BR
14336f5519140fff,1,0.0,0.0,True,0.0,1043.9666666666667,BR
5075aa27aea97e51,1,0.0,0.0,True,0.0,185.88333333333333,BR
7ca759ba1b9b5dd9,1,0.0,0.0,True,0.0,10.9,
ad6bf86df641797d,1,0.0,0.0,True,0.0,1220.1666666666667,BR
34359df254258fd0,1,0.0,0.0,True,0.0,455.9666666666666,
d7a8dceefa10ef9e,1,0.0,0.0,True,0.0,1494.35,
3f3fbe2faa1cecea,1,0.0,0.0,True,0.0,79.63333333333334,BR
108d7dcf926e7afb,1,0.0,0.0,True,0.0,1063.7166666666667,BR
0ad7adb3654e4b1a,1,0.0,0.0,True,0.0,313.8333333333333,BR
0b5dbe16ec3124d2,1,0.0,0.0,True,0.0,5769.166666666667,BR
551e36137e9397b8,1,0.0,0.0,True,0.0,3738.2,BR
6d8577fe19d4e6a1,1,0.0,0.0,True,0.0,3666.0666666666666,BR
3486db12ba74d6bc,1,0.0,0.0,True,0.0,5408.1,BR
8f1d1e9ccf0674a4,1,0.0,0.0,True,0.0,5723.266666666666,CO
1c2d7309cfd21cd4,1,0.0,0.0,True,0.0,2484.733333333333,BR
b30da10cf19a5e67,1,0.0,0.0,True,0.0,38.96666666666667,BR
abe0142766eda376,1,0.0,0.0,True,0.0,2093.35,BR
3e19137063e40952,1,0.0,0.0,True,0.0,1447.7333333333331,BR
66200e5a961e671a,1,0.0,0.0,True,0.0,3434.333333333333,BR
9db8157fc57e3cb6,1,0.0,0.0,True,0.0,1277.7666666666669,BR
06398ec5f18603f7,1,0.0,0.0,True,0.0,1472.6833333333334,BR
a2c68a676f64aeed,1,0.0,0.0,True,0.0,2140.016666666667,
e4f09f3c6f09f11f,1,0.0,0.0,True,0.0,2627.616666666667,BR
014336b65cdefcc1,1,0.0,0.0,True,0.0,5183.083333333333,BR
372da63177301da4,1,0.0,0.0,True,0.0,57.81666666666667,BR
abeb4a0c66b2350d,1,0.0,0.0,True,0.0,5.566666666666666,BR
476fc9b201ceacff,1,0.0,0.0,True,0.0,1475.6666666666667,BR
3d7f9bd7f66d740a,1,0.0,0.0,True,0.0,0.0,FR
4c517706e1d902da,1,0.0,0.0,True,0.0,8121.416666666667,BR
edb9617ab9d26307,1,0.0,0.0,True,0.0,165.55,BR
490d6d68c226e48f,1,0.0,0.0,True,0.0,3177.383333333333,BR
78fcfd390be0cfaf,1,0.0,0.0,True,0.0,9.266666666666667,BR
06560d64c5fd6be3,1,0.0,0.0,True,0.0,2925.85,BR
3dd6b9f4c007d3ad,1,0.0,0.0,True,0.0,2256.0333333333333,JP
3de099d2a0af9b8d,1,0.0,0.0,True,0.0,2297.3166666666666,UY
4d90521dae31dbdf,1,0.0,0.0,True,0.0,1946.45,BR
1158c7b1636a23ff,1,0.0,0.0,True,0.0,830.9333333333333,BR
83a68b86141db41d,1,0.0,0.0,True,0.0,5546.883333333333,BR
df1b439369440aae,1,0.0,0.0,True,0.0,2333.516666666667,BR
95d76a2b8ffcf905,1,0.0,0.0,True,0.0,6605.233333333334,BR
5fd139e061144aca,1,0.0,0.0,True,0.0,3008.5666666666666,AU
cc7bc41dfca26dfb,1,0.0,0.0,True,0.0,286.6333333333333,CA
5932ae2a683e512a,1,0.0,0.0,True,0.0,1350.4666666666667,AQ
493393b5bbb7e171,1,0.0,0.0,True,0.0,1737.9,BR
acf1a1c4374baa22,1,0.0,0.0,True,0.0,4733.066666666667,BR
2961621b5e427e3a,1,0.0,0.0,True,0.0,1210.5166666666669,BR
ef6130309559d228,1,0.0,0.0,True,0.0,0.0,UA
53ab6de3c0d92946,1,0.0,0.0,True,0.0,3101.266666666667,BR
34f18eec1448415e,1,0.0,0.0,True,0.0,1462.0166666666669,
2f3b8a2b8f8dbbe6,1,0.0,0.0,True,0.0,1097.15,BR
7cacee16ea1cac8d,1,0.0,0.0,True,0.0,2557.55,BR
d84fd8d5da553005,1,0.0,0.0,True,0.0,1507.9833333333331,BR
84329a1c617eef7c,1,0.0,0.0,True,0.0,2054.833333333333,BR
aa7f436916b9d4a3,1,0.0,0.0,True,0.0,2496.45,BR
942809932e728a2d,1,0.0,0.0,True,0.0,211.25,
87acd2d6c7ca5037,1,0.0,0.0,True,0.0,392.23333333333335,BR
c913b4d51bc2222c,1,0.0,0.0,True,0.0,1323.05,BR
013a49633560fd10,1,0.0,0.0,True,0.0,2732.4333333333334,BR
5587861983676623,1,0.0,0.0,True,0.0,709.55,BR
e7d5b5c3eb2f2fe7,1,0.0,0.0,True,0.0,552.3833333333333,AR
cc4fa4bdc6914552,1,0.0,0.0,True,0.0,868.3166666666667,BR
5a3c89c2bf3ec45d,1,0.0,0.0,True,0.0,2135.0666666666666,BR
b71b2403a6d553fe,1,0.0,0.0,True,0.0,0.0,BR
7f6681c17de8df24,1,0.0,0.0,True,0.0,34.15,BR
d7771a5ecec1deae,1,0.0,0.0,True,0.0,2.3666666666666667,BR
cd303c11551cf79c,1,0.0,0.0,True,0.0,0.2666666666666666,BR
c904f7d89d160659,1,0.0,0.0,True,0.0,1051.7,BR
77e0133e61fac8c2,1,0.0,0.0,True,0.0,0.0,BR
59ddcbb3ae7b26db,1,0.0,0.0,True,0.0,321.4,
e2dd5a351e9fc8d5,1,0.0,0.0,True,0.0,1661.35,
7b772908cabe92e3,1,0.0,0.0,True,0.0,8.116666666666667,BR
0e6b27085da26ad6,1,0.0,0.0,True,0.0,0.4333333333333333,BR
a799c5f2c677a829,1,0.0,0.0,True,0.0,0.35,BR
a23efce20e7903ed,1,0.0,0.0,True,0.0,1.1333333333333333,
4a270f5fc29b3b31,1,0.0,0.0,True,0.0,218.65,BR
f785888c155b1b54,1,0.0,0.0,True,0.0,3638.4166666666665,US
38608aed60c0ef48,1,0.0,0.0,True,0.0,3376.6833333333334,BR
84554af2adb21066,1,0.0,0.0,True,0.0,2504.95,BR
e7891e72eab28542,1,0.0,0.0,True,0.0,5326.833333333333,BR
b08f0164e6c62d5b,1,0.0,0.0,True,0.0,1259.3333333333333,BR
8918b0ad9719846c,1,0.0,0.0,True,0.0,0.0,BR
aa59bdb568b2f3c4,2,0.0,4.9567985447930887e-05,True,0.0,3119.7,
29c80676cb0c3188,1,0.0,0.0,True,0.0,1704.0666666666666,BR
ff2babc7cab9b491,1,0.0,0.0,True,0.0,4056.75,BR
9e73c90eb89e2727,2,0.0,0.00019320131850786613,True,0.0,0.0,BR
68f7e906d84ac17f,1,0.0,0.0,True,0.0,6890.333333333333,BR
69da0820015ab744,1,0.0,0.0,True,0.0,1537.0666666666666,BR
a706977f40411c18,1,0.0,0.0,True,0.0,3334.25,BR
c871f08bb783ddf4,1,0.0,0.0,True,0.0,1600.7,BR
a24a4d02297028c6,1,0.0,0.0,True,0.0,0.0,BR
264acc7fa15a655d,1,0.0,0.0,True,0.0,4128.7,BR
33261e8463cf2704,1,0.0,0.0,True,0.0,8395.5,BR
fd24d9a1b6285494,1,0.0,0.0,True,0.0,2169.85,BR
3037d38bf460b74e,1,0.0,0.0,True,0.0,0.0,
2a8c017a9640224d,1,0.0,0.0,True,0.0,3085.4166666666665,BR
9a50ad0e806258cd,1,0.0,0.0,True,0.0,4998.183333333333,BR
29896bfc63bb6c7e,1,0.0,0.0,True,0.0,5812.966666666666,IL
876be2b1af364cf3,1,0.0,0.0,True,0.0,793.9166666666666,BR
446e47a4bb6cefac,2,0.0,0.00019320131850786613,True,0.0,0.0,
8ea592516f894ef3,1,0.0,0.0,True,0.0,8040.133333333333,BR
a7294a320f58eb78,1,0.0,0.0,True,0.0,0.0,BR
0780f90a0e83c922,1,0.0,0.0,True,0.0,3052.8166666666666,BR
6254bebf988bdfff,1,0.0,0.0,True,0.0,5438.716666666666,CL
4d634fc452ce8ca0,1,0.0,0.0,True,0.0,3780.0,NL
a4987749c47fdba2,1,0.0,0.0,True,0.0,2838.3166666666666,IQ
03225c5ef96666fa,1,0.0,0.0,True,0.0,3806.5,BR
093f2642dbb96123,1,0.0,0.0,True,0.0,4306.883333333333,BR
8971952529f59331,1,0.0,0.0,True,0.0,5312.066666666667,BR
99dc4f061df112c6,1,0.0,0.0,True,0.0,2407.95,BR
d64a3b71e37e4d94,1,0.0,0.0,True,0.0,2192.583333333333,BR
0614f0282a1ee651,1,0.0,0.0,True,0.0,1064.95,CC
67819653f77acd98,1,0.0,0.0,True,0.0,8144.016666666666,BR
e8fdbf86d46b7626,1,0.0,0.0,True,0.0,2699.583333333333,US
b03aa89aecbd6173,1,0.0,0.0,True,0.0,2342.55,BR
5c293a7847ce0b24,1,0.0,0.0,True,0.0,6552.183333333333,BR
a3586c32658a300d,1,0.0,0.0,True,0.0,936.2833333333332,BR
a812efe94db97f16,1,0.0,0.0,True,0.0,2147.9166666666665,
1cc3bc4b64da1e3e,1,0.0,0.0,True,0.0,3080.05,BR
41c2ffe0fcad0580,1,0.0,0.0,True,0.0,1546.4666666666667,BR
f08c796199344db3,1,0.0,0.0,True,0.0,0.0,
30ffcbb5973565bd,1,0.0,0.0,True,0.0,0.0,BR
b2a68f96ac5b2a38,1,0.0,0.0,True,0.0,3260.483333333333,BR
655a2ea80bfe1f73,1,0.0,0.0,True,0.0,590.05,BR
5be704fe21d74ea0,1,0.0,0.0,True,0.0,5721.333333333333,DE
aa20e7f0c7f6a62d,1,0.0,0.0,True,0.0,4507.616666666667,BR
4983416d3f8874bb,1,0.0,0.0,True,0.0,2327.55,BR
c5d7fea1fdad519b,1,0.0,0.0,True,0.0,4035.116666666667,BR
1c13a8f849966952,1,0.0,0.0,True,0.0,2566.366666666667,BR
7e4617435fae3a30,1,0.0,0.0,True,0.0,5274.95,
96e819a63b6f1cd1,1,0.0,0.0,True,0.0,659.0,BR
1619ccb5f562550a,1,0.0,0.0,True,0.0,481.6,
3d19f0e2602e1984,1,0.0,0.0,True,0.0,0.0,BR
eb573fe3b767c49a,1,0.0,0.0,True,0.0,2079.833333333333,TH
d9428d768e7ca724,1,0.0,0.0,True,0.0,6220.866666666667,JM
848bdc78df548931,1,0.0,0.0,True,0.0,3540.9333333333334,BR
33517e61f51ff449,1,0.0,0.0,True,0.0,4349.433333333333,
eab819449e739d7c,1,0.0,0.0,True,0.0,2169.0,BR
af919dd7d74b8ef5,1,0.0,0.0,True,0.0,2774.9166666666665,BR
fcf94c5b63756c5e,1,0.0,0.0,True,0.0,940.7333333333332,BR
9b590e99791c683d,1,0.0,0.0,True,0.0,2056.983333333333,BR
07529ac21167db3c,1,0.0,0.0,True,0.0,0.0,BR
df5840e4a9dbf1da,1,0.0,0.0,True,0.0,1005.9333333333332,BR
0a4b5992af767b36,2,0.0,4.966732008810709e-05,True,0.0,2700.883333333333,FR
26dc1d9e3f1084be,1,0.0,0.0,True,0.0,498.9166666666667,BR
08061f84b56abe7e,1,0.0,0.0,True,0.0,7308.833333333333,
9a4735b037c518cf,1,0.0,0.0,True,0.0,3031.45,BR
4ddb255ae0a0b441,1,0.0,0.0,True,0.0,802.4666666666667,BR
c99b4ace81fc15b9,1,0.0,0.0,True,0.0,2221.083333333333,
7c2ad171e068c806,1,0.0,0.0,True,0.0,0.0,US
a1187e6acabed371,1,0.0,0.0,True,0.0,1019.0166666666668,
b0dbce4c6b0d6cf9,1,0.0,0.0,True,0.0,856.55,BR
cf976b80c5162755,1,0.0,0.0,True,0.0,791.4333333333333,BR
2861adcdb1de2335,1,0.0,0.0,True,0.0,486.05,SI
25177dace43c4717,1,0.0,0.0,True,0.0,3141.5666666666666,BA
182174853d528ffa,1,0.0,0.0,True,0.0,0.0,FR
2b9f398a55dd82fe,1,0.0,0.0,True,0.0,3894.95,
ac35d37b627c6ea3,1,0.0,0.0,True,0.0,373.7,BR
d4a753662565d273,1,0.0,0.0,True,0.0,181.53333333333333,BR
92d8910f364d42cd,1,0.0,0.0,True,0.0,0.0,
e44a2ef14b6c808f,1,0.0,0.0,True,0.0,0.0,UA
9000af53834fc3d1,1,0.0,0.0,True,0.0,18.366666666666667,GB
316c59d2cad76212,1,0.0,0.0,True,0.0,900.7166666666667,
312cfe8ae24b6b74,1,0.0,0.0,True,0.0,9464.966666666667,BR
4b02f7f58be39adf,2,0.0,8.817088474356626e-05,True,0.0,9541.716666666667,BR
e817b10ca6bff7a0,1,0.0,0.0,True,0.0,0.0,BR
f4b166237157c694,2,0.0,3.519781718963162e-05,True,0.0,0.0,BR
16d1fed6bb14c1be,1,0.0,0.0,True,0.0,2281.5,BR
cd88a9a81e12760d,1,0.0,0.0,True,0.0,2301.0333333333333,IL
9dc464f28ec18688,1,0.0,0.0,True,0.0,1316.5,BR
dfcfc3376c4897df,1,0.0,0.0,True,0.0,9625.166666666666,BR
1927a7148b56466a,1,0.0,0.0,True,0.0,7632.583333333333,BR
944d6d91073113d3,1,0.0,0.0,True,0.0,0.0,BR
0b8ae8d8b7e98c72,1,0.0,0.0,True,0.0,0.0,BR
53dcf339d101d0f5,1,0.0,0.0,True,0.0,7826.633333333333,BR
ffc7b100d84b3d8a,1,0.0,0.0,True,0.0,1791.5833333333333,BR
7b14272c71cae11d,1,0.0,0.0,True,0.0,6167.733333333334,BR
b3442070a137a808,2,0.0,3.519781718963162e-05,True,0.0,5797.183333333333,BO
4b4917add4ca9924,1,0.0,0.0,True,0.0,12064.533333333333,BR
cf14a76dd6c0e3f9,1,0.0,0.0,True,0.0,0.0,BR
4bed26214e3a177f,1,0.0,0.0,True,0.0,2943.1833333333334,BR
9e5ce7ef21b44def,1,0.0,0.0,True,0.0,0.0,CO
80b215732bf64954,1,0.0,0.0,True,0.0,1507.3666666666666,BR
869ea53e6f95ba82,1,0.0,0.0,True,0.0,0.0,BR
f94563c2a9c6b60f,1,0.0,0.0,True,0.0,6269.0,BR
0409659915db4d3a,1,0.0,0.0,True,0.0,1302.6833333333334,BR
ef2a44f980c507ed,1,0.0,0.0,True,0.0,1503.2833333333333,BR
d60815749b54ba7d,2,0.0,8.890404729422464e-05,True,0.0,0.0,BR
859b0a600d729928,1,0.0,0.0,True,0.0,6492.133333333333,BR
77a1389754453a40,1,0.0,0.0,True,0.0,3718.0,BR
46084c10f2211f63,1,0.0,0.0,True,0.0,8829.55,BR
82f657c63151aa86,1,0.0,0.0,True,0.0,2600.9166666666665,BR
1062f680f28e43b8,1,0.0,0.0,True,0.0,17.166666666666668,BR
8b800d31b95cb6e8,1,0.0,0.0,True,0.0,4227.433333333333,BR
d6bff38937ef4dae,1,0.0,0.0,True,0.0,0.0,
4a659fca27404a95,1,0.0,0.0,True,0.0,1624.5166666666669,FR
c421a6a4e55ac36d,1,0.0,0.0,True,0.0,8284.85,BR
f1be07632ef4d4ad,1,0.0,0.0,True,0.0,20230.616666666665,BR
33529aa8ea88ad58,1,0.0,0.0,True,0.0,2759.583333333333,BR
05f86ac588f5516a,1,0.0,0.0,True,0.0,4805.983333333334,BR
342ebaa94b6da799,1,0.0,0.0,True,0.0,2080.5,BR
5afda49669c9fbc3,1,0.0,0.0,True,0.0,3342.6,BR
81352b7d0783f964,1,0.0,0.0,True,0.0,4499.016666666666,FJ
96dabf2fff2a554f,1,0.0,0.0,True,0.0,986.1833333333332,BR
fc94be295b1e002c,2,0.0,3.526835389742647e-05,True,0.0,8055.5,BR
560e9f923d5656e2,1,0.0,0.0,True,0.0,6821.133333333333,
dde6dd73bc854f8d,1,0.0,0.0,True,0.0,29.75,BR
e0294498fd5df044,1,0.0,0.0,True,0.0,6945.166666666667,BR
319d302185ffbde4,1,0.0,0.0,True,0.0,829.1666666666666,BR
0a2af9f971935840,1,0.0,0.0,True,0.0,5317.15,BR
cb4f2a736f3e4c4f,1,0.0,0.0,True,0.0,2160.266666666667,BR
0857af91cc401d03,1,0.0,0.0,True,0.0,0.0,BR
bfb7a7a9ceef8c92,1,0.0,0.0,True,0.0,8706.316666666668,HK
73661184d3895053,1,0.0,0.0,True,0.0,11713.45,BR
3132b0fb7c8ce9a7,1,0.0,0.0,True,0.0,4605.6,BR
f6ddbbf9fb520352,1,0.0,0.0,True,0.0,5645.483333333334,US
4b4a878c3c7308f6,2,0.0,0.0003319690768531151,True,0.0,5947.866666666667,BR
4d1053ebc4d5721f,1,0.0,0.0,True,0.0,3773.483333333333,BR
d244c46d2da9a6ef,1,0.0,0.0,True,0.0,5804.483333333334,
41aacc51bc0de0c8,1,0.0,0.0,True,0.0,7864.133333333333,BR
9ce9d9cd4970f9e6,1,0.0,0.0,True,0.0,4900.133333333333,BR
ad86737effef4a0c,3,0.3333333333333333,0.00025307550070582284,True,0.0,3361.4333333333334,BR
d7df7a127f270d36,1,0.0,0.0,True,0.0,2312.7,BR
abc9c2bf7a2ae587,1,0.0,0.0,True,0.0,709.3333333333334,BR
80731e64e173941e,1,0.0,0.0,True,0.0,8019.35,BR
88c8cf54f4ed766a,1,0.0,0.0,True,0.0,425.3666666666667,AQ
a39ef364a2e2a3d7,1,0.0,0.0,True,0.0,2646.583333333333,BR
3ca4e6cca6ed9942,1,0.0,0.0,True,0.0,2374.5666666666666,BR
86a244114eb68b21,2,0.0,8.817088474356626e-05,True,0.0,1126.3,BR
aaa00ec24225f169,1,0.0,0.0,True,0.0,3050.233333333333,BR
a4d425c4871a3688,1,0.0,0.0,True,0.0,2890.133333333333,BR
eb28f45dec5caeb1,1,0.0,0.0,True,0.0,3466.733333333333,BR
c9bde5962bda097d,1,0.0,0.0,True,0.0,0.0,BR
4493fd4d25606dc4,1,0.0,0.0,True,0.0,0.0,CA
6be888ad0194c664,1,0.0,0.0,True,0.0,0.0,BR
4cc0d1bbc360d29d,1,0.0,0.0,True,0.0,0.0,BR
821a1291347b7bdb,1,0.0,0.0,True,0.0,5702.2,BR
23b4c62f20c541be,1,0.0,0.0,True,0.0,0.0,JM
7d0e5383cd0c4ae5,1,0.0,0.0,True,0.0,885.0666666666667,BR
6f25b19dffb3194d,1,0.0,0.0,True,0.0,5024.566666666667,BR
e814eba04dfb0837,1,0.0,0.0,True,0.0,2790.0666666666666,BR
202898fa4b53aa00,1,0.0,0.0,True,0.0,2639.233333333333,BR
9baca89a35f53df7,1,0.0,0.0,True,0.0,1292.0833333333333,BR
7ec7dc5bbdd2c259,1,0.0,0.0,True,0.0,0.0,BR
fad5b9b115720df0,1,0.0,0.0,True,0.0,4880.15,BR
233accd97604ce75,1,0.0,0.0,True,0.0,0.0,BR
c9452a8f8ed3dcc8,1,0.0,0.0,True,0.0,1809.5833333333333,RU
68edc073e98c0603,1,0.0,0.0,True,0.0,895.6833333333333,BR
6a36b410fcca995a,1,0.0,0.0,True,0.0,6877.433333333333,BR
df5ee8eba513f57c,1,0.0,0.0,True,0.0,6384.15,
ed63d19a5de4e993,2,0.0,0.0001746663298962988,True,0.0,1956.9666666666667,BR
d1bf2ce698158521,1,0.0,0.0,True,0.0,3114.95,BR
973d0cde9f3d0a59,1,0.0,0.0,True,0.0,0.2333333333333333,BR
958fae0180dd559f,1,0.0,0.0,True,0.0,0.0,BR
0223ab46717dde77,1,0.0,0.0,True,0.0,5311.95,
86aa9a7d9787077e,1,0.0,0.0,True,0.0,7702.05,BR
f0a0c871c21d7202,1,0.0,0.0,True,0.0,5550.9,BR
c4d3cb082d7617ec,1,0.0,0.0,True,0.0,2007.2166666666667,SE
ed9c8f57acd56d61,1,0.0,0.0,True,0.0,2185.766666666667,BR
84891daab05f0cb8,1,0.0,0.0,True,0.0,335.18333333333334,BR
e3c9b36f02b2bcab,1,0.0,0.0,True,0.0,2368.083333333333,BR
8dcb3180e875168a,1,0.0,0.0,True,0.0,1888.6166666666663,BR
1833dcbebe8f1725,1,0.0,0.0,True,0.0,7693.483333333334,
